{"cameraMode":{"drawMode":0,"name":"Shaded","section":"Shading Mode"},"sceneLighting":false,"audioPlay":false,"sceneViewState":{"showFog":false,"showMaterialUpdate":false,"showSkybox":false,"showFlares":false,"showImageEffects":false,"showParticleSystems":false},"in2DMode":false,"pivot":{"x":-2471.24169921875,"y":1320.3876953125,"z":-987.708740234375},"rotation":{"x":0.375715970993042,"y":0.2482493668794632,"z":-0.1051950678229332,"w":0.8866475224494934},"size":254.73541259765626,"orthographic":false}