{"cameraMode":{"drawMode":0,"name":"Shaded","section":"Shading Mode"},"sceneLighting":false,"audioPlay":false,"sceneViewState":{"showFog":false,"showMaterialUpdate":false,"showSkybox":false,"showFlares":false,"showImageEffects":false,"showParticleSystems":false},"in2DMode":false,"pivot":{"x":-1690.3564453125,"y":777.3214111328125,"z":-337.3929443359375},"rotation":{"x":0.1342649608850479,"y":0.5702981948852539,"z":-0.09514417499303818,"w":0.8047860264778137},"size":494.8283386230469,"orthographic":false}