{"cameraMode":{"drawMode":0,"name":"Shaded","section":"Shading Mode"},"sceneLighting":false,"audioPlay":false,"sceneViewState":{"showFog":false,"showMaterialUpdate":false,"showSkybox":false,"showFlares":false,"showImageEffects":false,"showParticleSystems":false},"in2DMode":false,"pivot":{"x":-1619.9635009765625,"y":695.5999145507813,"z":-487.332275390625},"rotation":{"x":0.12875919044017793,"y":0.8711857795715332,"z":-0.34021851420402529,"w":0.3297087848186493},"size":384.1939697265625,"orthographic":false}