{"cameraMode":{"drawMode":0,"name":"Shaded","section":"Shading Mode"},"sceneLighting":true,"audioPlay":false,"sceneViewState":{"showFog":false,"showMaterialUpdate":false,"showSkybox":false,"showFlares":false,"showImageEffects":false,"showParticleSystems":false},"in2DMode":false,"pivot":{"x":-23.64851188659668,"y":37.98231506347656,"z":-46.63871383666992},"rotation":{"x":0.33743396401405337,"y":0.06318829953670502,"z":-0.022708019241690637,"w":0.9389514923095703},"size":47.0068244934082,"orthographic":false}