{"cameraMode":{"drawMode":0,"name":"Shaded","section":"Shading Mode"},"sceneLighting":false,"audioPlay":false,"sceneViewState":{"showFog":false,"showMaterialUpdate":false,"showSkybox":false,"showFlares":false,"showImageEffects":false,"showParticleSystems":false},"in2DMode":false,"pivot":{"x":-2473.6416015625,"y":1273.69873046875,"z":-996.5572509765625},"rotation":{"x":0.19658365845680238,"y":0.4731175899505615,"z":-0.10918645560741425,"w":0.8518174290657044},"size":423.78057861328127,"orthographic":false}