{"cameraMode":{"drawMode":0,"name":"Shaded","section":"Shading Mode"},"sceneLighting":false,"audioPlay":false,"sceneViewState":{"showFog":true,"showMaterialUpdate":false,"showSkybox":false,"showFlares":true,"showImageEffects":true,"showParticleSystems":true},"in2DMode":false,"pivot":{"x":632.34423828125,"y":-706.3504028320313,"z":-1480.97216796875},"rotation":{"x":0.0018224919913336635,"y":0.9722959399223328,"z":-0.23362329602241517,"w":0.0075847734697163109},"size":457.2614440917969,"orthographic":false}