{"cameraMode":{"drawMode":0,"name":"Shaded","section":"Shading Mode"},"sceneLighting":false,"audioPlay":false,"sceneViewState":{"showFog":false,"showMaterialUpdate":false,"showSkybox":false,"showFlares":false,"showImageEffects":false,"showParticleSystems":false},"in2DMode":false,"pivot":{"x":-2714.78271484375,"y":1285.4820556640625,"z":-856.4281616210938},"rotation":{"x":0.25274699926376345,"y":0.1730174869298935,"z":-0.0459909625351429,"w":0.9508252739906311},"size":419.4036865234375,"orthographic":false}