{"cameraMode":{"drawMode":0,"name":"Shaded","section":"Shading Mode"},"sceneLighting":false,"audioPlay":false,"sceneViewState":{"showFog":false,"showMaterialUpdate":false,"showSkybox":false,"showFlares":false,"showImageEffects":false,"showParticleSystems":false},"in2DMode":false,"pivot":{"x":-1938.987060546875,"y":965.4157104492188,"z":-662.218994140625},"rotation":{"x":0.19658365845680238,"y":0.4731175899505615,"z":-0.10918645560741425,"w":0.8518174290657044},"size":24.352848052978517,"orthographic":false}