{"cameraMode":{"drawMode":0,"name":"Shaded","section":"Shading Mode"},"sceneLighting":false,"audioPlay":false,"sceneViewState":{"showFog":false,"showMaterialUpdate":false,"showSkybox":false,"showFlares":false,"showImageEffects":false,"showParticleSystems":false},"in2DMode":false,"pivot":{"x":-1786.810302734375,"y":961.9205322265625,"z":-660.8364868164063},"rotation":{"x":0.15500108897686006,"y":0.2475539594888687,"z":-0.04015570133924484,"w":0.95555180311203},"size":221.86160278320313,"orthographic":false}